{
  "version": 1,
  "author": "Anonymous maker",
  "editor": "wokwi",
  "parts": [
    { "type": "wokwi-arduino-mega", "id": "mega", "top": 270, "left": -22.8, "attrs": {} },
    { "type": "wokwi-led", "id": "led0", "top": -22.8, "left": 395, "attrs": { "color": "red" } },
    {
      "type": "wokwi-led",
      "id": "led1",
      "top": -22.8,
      "left": 315,
      "attrs": { "color": "green" }
    },
    { "type": "wokwi-led", "id": "led2", "top": -22.8, "left": 235, "attrs": { "color": "blue" } },
    {
      "type": "wokwi-led",
      "id": "led3",
      "top": -22.8,
      "left": 155,
      "attrs": { "color": "yellow" }
    },
    {
      "type": "wokwi-led",
      "id": "led4",
      "top": -22.8,
      "left": 75,
      "attrs": { "color": "orange" }
    },
    {
      "type": "wokwi-led",
      "id": "led5",
      "top": -22.8,
      "left": -5,
      "attrs": { "color": "purple" }
    },
    {
      "type": "wokwi-led",
      "id": "led6",
      "top": -22.8,
      "left": -85,
      "attrs": { "color": "magenta" }
    },
    {
      "type": "wokwi-led",
      "id": "led7",
      "top": -22.8,
      "left": -165,
      "attrs": { "color": "cyan" }
    },
    {
      "type": "wokwi-pushbutton",
      "id": "btn1",
      "top": 83,
      "left": 380,
      "attrs": { "color": "green" }
    },
    {
      "type": "wokwi-pushbutton",
      "id": "btn2",
      "top": 83,
      "left": 300,
      "attrs": { "color": "green" }
    },
    {
      "type": "wokwi-pushbutton",
      "id": "btn3",
      "top": 83,
      "left": 220,
      "attrs": { "color": "green" }
    },
    {
      "type": "wokwi-pushbutton",
      "id": "btn4",
      "top": 83,
      "left": 140,
      "attrs": { "color": "green" }
    },
    {
      "type": "wokwi-pushbutton",
      "id": "btn5",
      "top": 83,
      "left": 60,
      "attrs": { "color": "green" }
    },
    {
      "type": "wokwi-pushbutton",
      "id": "btn6",
      "top": 83,
      "left": -20,
      "attrs": { "color": "green" }
    },
    {
      "type": "wokwi-pushbutton",
      "id": "btn7",
      "top": 83,
      "left": -100,
      "attrs": { "color": "green" }
    },
    {
      "type": "wokwi-pushbutton",
      "id": "btn8",
      "top": 83,
      "left": -182.4,
      "attrs": { "color": "green" }
    },
    {
      "type": "wokwi-resistor",
      "id": "r1",
      "top": 185,
      "left": -180,
      "hide" : true,
      "attrs": { "value": "1000" }
    },
    {
      "type": "wokwi-resistor",
      "id": "r2",
      "top": 195,
      "left": -180,
      "hide" : true,
      "attrs": { "value": "1000" }
    },
    {
      "type": "wokwi-resistor",
      "id": "r3",
      "top": 205,
      "left": -180,
      "hide" : true,
      "attrs": { "value": "1000" }
    },
    {
      "type": "wokwi-resistor",
      "id": "r4",
      "top": 215,
      "left": -180,
      "hide" : true,
      "attrs": { "value": "1000" }
    },
    {
      "type": "wokwi-resistor",
      "id": "r5",
      "top": 225,
      "left": -180,
      "hide" : true,
      "attrs": { "value": "1000" }
    },
    {
      "type": "wokwi-resistor",
      "id": "r6",
      "top": 235,
      "left": -180,
      "hide" : true,
      "attrs": { "value": "1000" }
    },
    {
      "type": "wokwi-resistor",
      "id": "r7",
      "top": 245,
      "left": -180,
      "hide" : true,
      "attrs": { "value": "1000" }
    },
    {
      "type": "wokwi-resistor",
      "id": "r8",
      "top": 255,
      "left": -180,
      "hide" : true,
      "attrs": { "value": "1000" }
    }
  ],
  "connections": [
    [ "led7:C", "mega:GND.1", "empty", [ "v62.14", "h1.58" ] ],
    [ "led6:C", "mega:GND.1", "empty", [ "v80.36", "h9.29" ] ],
    [ "led5:C", "mega:GND.1", "empty", [ "v42.39", "h-17.93" ] ],
    [ "led4:C", "mega:GND.1", "empty", [ "v75.8", "h-7.19" ] ],
    [ "led3:C", "mega:GND.1", "empty", [ "v63.66", "h-116.41" ] ],
    [ "led2:C", "mega:GND.1", "empty", [ "v74.29", "h-164.89", "v4.56" ] ],
    [ "led1:C", "mega:GND.1", "empty", [ "v89.47", "h-14.43" ] ],
    [ "led0:C", "mega:GND.1", "empty", [ "v43.91", "h-8.24" ] ],
    [ "r1:1", "r2:1", "empty", [ "v0" ] ],
    [ "r3:1", "r2:1", "empty", [ "v0" ] ],
    [ "r4:1", "r3:1", "empty", [ "v0" ] ],
    [ "r5:1", "r4:1", "empty", [ "v0" ] ],
    [ "r6:1", "r5:1", "empty", [ "v0" ] ],
    [ "r7:1", "r6:1", "empty", [ "v0" ] ],
    [ "r8:1", "r7:1", "empty", [ "v0" ] ],
    [ "btn1:1.r", "btn2:1.r", "empty", [ "v-38.4", "h-15" ] ],
    [ "btn3:1.r", "btn2:1.r", "empty", [ "v-38.4", "h77.8" ] ],
    [ "btn4:1.r", "btn3:1.r", "empty", [ "v-38.4", "h71.4" ] ],
    [ "btn5:1.r", "btn4:1.r", "empty", [ "v-38.4", "h17" ] ],
    [ "btn6:1.r", "btn5:1.r", "empty", [ "v-38.4", "h49" ] ],
    [ "btn7:1.r", "btn6:1.r", "empty", [ "v-38.4", "h33" ] ],
    [ "btn8:1.r", "btn7:1.r", "empty", [ "v-38.4", "h77" ] ],
    [ "mega:GND.1", "r8:1", "empty", [ "v-29.4", "h-173", "v38.4", "h-105.6" ] ],
    [ "mega:5V", "btn8:1.r", "empty", [ "v92.7", "h-391.3", "v-489.6", "h48" ] ],
    [ "mega:22", "led0:A", "empty", [ "v-47.5", "h84.2" ] ],
    [ "mega:23", "led1:A", "empty", [ "v-28.3", "h45.4", "v-220.8", "h-48" ] ],
    [ "mega:24", "led2:A", "empty", [ "v0.35", "h-40.6" ] ],
    [ "mega:25", "led3:A", "empty", [ "v0.35", "h16.6", "v-249.6", "h-182.4" ] ],
    [ "mega:26", "led4:A", "empty", [ "v-9.15", "h-146.2" ] ],
    [ "mega:27", "led5:A", "empty", [ "v0.45", "h55", "v-134.4", "h-393.6" ] ],
    [ "mega:28", "led6:A", "empty", [ "v-28.25", "h-415" ] ],
    [ "mega:29", "led7:A", "empty", [ "v0.55", "h83.8", "v-115.2", "h-576" ] ],
    [ "mega:53", "btn1:2.r", "empty", [ "v0.5", "h83.8" ] ],
    [ "mega:52", "btn2:2.r", "empty", [ "v0.5", "h-21.4", "v-201.6", "h48" ] ],
    [ "mega:51", "btn3:2.r", "empty", [ "v0.4", "h64.6", "v-268.8", "h-124.8" ] ],
    [ "mega:50", "btn4:2.r", "empty", [ "v-9.2", "h-59.8", "v-240", "h-76.8" ] ],
    [ "mega:10", "btn5:2.r", "empty", [ "v-125.4", "h-9.9" ] ],
    [ "mega:11", "btn6:2.r", "empty", [ "v-106.2", "h-86.8" ] ],
    [ "mega:12", "btn7:2.r", "empty", [ "v-77.4", "h-153.6", "v-9.6" ] ],
    [ "mega:13", "btn8:2.r", "empty", [ "v-58.2", "h-231", "v-28.8" ] ],
    [ "mega:53", "r8:2", "empty", [ "v0.5", "h112.6", "v-192" ] ],
    [ "mega:52", "r7:2", "empty", [ "v-181.9", "h-21.4" ] ],
    [ "mega:51", "r6:2", "empty", [ "v0.4", "h83.8", "v-192" ] ],
    [ "mega:50", "r5:2", "empty", [ "v0.4", "h-31", "v-192" ] ],
    [ "mega:10", "r4:2", "empty", [ "v-58.2", "h-0.3" ] ],
    [ "mega:11", "r3:2", "empty", [ "v-67.8", "h-10" ] ],
    [ "mega:9", "r2:2", "empty", [ "v0" ] ],
    [ "mega:12", "r1:2", "empty", [ "v-87" ] ]
  ],
  "dependencies": {}
}